{"cameraMode":{"drawMode":0,"name":"Shaded","section":"Shading Mode"},"sceneLighting":true,"audioPlay":false,"sceneViewState":{"showFog":true,"showMaterialUpdate":false,"showSkybox":true,"showFlares":true,"showImageEffects":true,"showParticleSystems":true},"in2DMode":false,"pivot":{"x":-73.9638900756836,"y":-1.2257097959518433,"z":36.77339172363281},"rotation":{"x":0.016400955617427827,"y":-0.6245089769363403,"z":0.013119693845510483,"w":0.780735194683075},"size":101.38554382324219,"orthographic":false}