{"cameraMode":{"drawMode":0,"name":"Shaded","section":"Shading Mode"},"sceneLighting":false,"audioPlay":false,"sceneViewState":{"showFog":true,"showMaterialUpdate":false,"showSkybox":true,"showFlares":true,"showImageEffects":true,"showParticleSystems":true},"in2DMode":false,"pivot":{"x":1.703808307647705,"y":1.0833745002746583,"z":-2.255807399749756},"rotation":{"x":0.15167108178138734,"y":-0.39752307534217837,"z":0.06680614501237869,"w":0.902501106262207},"size":0.4395136535167694,"orthographic":false}